mutation,frequency
C106T,0.9968
C241T,0.9998
C512-,0.0193
A513-,0.0199
T514-,0.02
G515-,0.0218
T516-,0.0214
T517-,0.0211
A518-,0.0317
C683-,0.0107
C683T,0.9869
T684-,0.0102
C775T,0.0219
A1870G,0.9937
C3695T,0.0357
T5895A,0.0105
C6402T,0.9959
A6520T,0.0704
T6522A,0.0701
-6696T,0.0407
-6700T,0.051
T7034C,0.0465
C9561T,0.9733
T10249C,0.9937
-10622A,0.0153
-11084T,0.0792
-11084T,0.0141
-11812A,0.0225
C12049T,0.0327
C14408T,0.996
G14622A,0.0113
C15010A,0.0114
A15106C,0.0122
C15141A,0.0284
C15157A,0.0894
G15168A,0.0448
-15965T,0.0154
-15969T,0.0159
G17427T,0.9983
C18167T,0.0774
C18175T,0.9969
-18372T,0.0125
G20002T,0.999
A21803T,0.0276
T22917G,0.9983
C23248T,0.0108
A23403G,0.996
G23561-,0.0122
G23562-,0.0147
T23563-,0.0139
G23564-,0.016
C23565-,0.0136
A23566-,0.0135
G23567-,0.0134
G23568-,0.0134
T23569-,0.0139
A23570-,0.0135
T23571-,0.0136
A23572-,0.0132
T23573-,0.0128
G23574-,0.013
C23575-,0.013
G23576-,0.0143
C23577-,0.0133
T23578-,0.013
A23579-,0.0134
G23580-,0.0128
T23581-,0.0126
T23582-,0.013
A23623G,0.0105
-24358A,0.0131
C24374T,0.0137
G24751T,0.9979
G25970T,0.9955
G25971A,0.9955
C26228T,0.0238
-26654T,0.0137
G26840A,0.9909
T27182C,0.0202
G27214T,0.974
T27216A,0.0129
-28218T,0.0104
A28547C,0.02
-29055A,0.0361
G29759T,0.9896
