mutation,frequency
C106T,0.9977
C241T,0.9981
G510-,0.0186
T511-,0.0227
C512-,0.0229
A513-,0.0232
T514-,0.0232
G515-,0.0238
T516-,0.0244
T517-,0.0248
A518-,0.0276
T519-,0.0195
G520-,0.0195
G521-,0.0135
T522-,0.0132
C683-,0.0148
C683T,0.9847
T727A,0.0144
C775T,0.018
A1870G,0.9911
C3695T,0.028
C6402T,0.9991
A6520T,0.0311
T6522A,0.0321
-6700T,0.0383
C9561T,0.996
T10249C,0.9993
-11084T,0.0673
C12049T,0.0307
C14408T,0.9977
C15141A,0.0323
C15157A,0.1388
G15168A,0.0891
T15172A,0.021
C15173A,0.0629
-15965T,0.0209
-15969T,0.0207
G17427T,0.9989
C18167T,0.0662
C18175T,0.9997
G20002T,1.0
A21803T,0.0267
T22917G,1.0
C23248T,0.0164
A23403G,0.9993
G23564-,0.0135
T23569-,0.0141
A23570-,0.0137
T23571-,0.0154
A23572-,0.0173
T23573-,0.0169
G23574-,0.0152
C23575-,0.0152
G23576-,0.0149
C23577-,0.0149
T23578-,0.0149
A23579-,0.0158
G23580-,0.0162
T23581-,0.0161
T23582-,0.0156
G24751T,0.9984
G25970T,0.9967
G25971A,0.998
C26228T,0.02
G26840A,0.9955
C26936T,0.0168
T27182C,0.0227
G27214T,0.9695
A28547C,0.0187
-29055A,0.0217
G29759T,0.9953
