mutation,frequency_x,frequency_y,CriticalDelta
C106T,0.9977,0.9968,No
C241T,0.9981,0.9998,No
C512-,0.0229,0.0193,No
A513-,0.0232,0.0199,No
T514-,0.0232,0.02,No
G515-,0.0238,0.0218,No
T516-,0.0244,0.0214,No
T517-,0.0248,0.0211,No
A518-,0.0276,0.0317,No
C683-,0.0148,0.0107,No
C683T,0.9847,0.9869,No
C775T,0.018,0.0219,No
A1870G,0.9911,0.9937,No
C3695T,0.028,0.0357,No
C6402T,0.9991,0.9959,No
A6520T,0.0311,0.0704,No
T6522A,0.0321,0.0701,No
-6700T,0.0383,0.051,No
C9561T,0.996,0.9733,No
T10249C,0.9993,0.9937,No
-11084T,0.0673,0.0792,No
-11084T,0.0673,0.0141,No
C12049T,0.0307,0.0327,No
C14408T,0.9977,0.996,No
C15141A,0.0323,0.0284,No
C15157A,0.1388,0.0894,No
G15168A,0.0891,0.0448,No
-15965T,0.0209,0.0154,No
-15969T,0.0207,0.0159,No
G17427T,0.9989,0.9983,No
C18167T,0.0662,0.0774,No
C18175T,0.9997,0.9969,No
G20002T,1.0,0.999,No
A21803T,0.0267,0.0276,No
T22917G,1.0,0.9983,No
C23248T,0.0164,0.0108,No
A23403G,0.9993,0.996,No
G23564-,0.0135,0.016,No
T23569-,0.0141,0.0139,No
A23570-,0.0137,0.0135,No
T23571-,0.0154,0.0136,No
A23572-,0.0173,0.0132,No
T23573-,0.0169,0.0128,No
G23574-,0.0152,0.013,No
C23575-,0.0152,0.013,No
G23576-,0.0149,0.0143,No
C23577-,0.0149,0.0133,No
T23578-,0.0149,0.013,No
A23579-,0.0158,0.0134,No
G23580-,0.0162,0.0128,No
T23581-,0.0161,0.0126,No
T23582-,0.0156,0.013,No
G24751T,0.9984,0.9979,No
G25970T,0.9967,0.9955,No
G25971A,0.998,0.9955,No
C26228T,0.02,0.0238,No
G26840A,0.9955,0.9909,No
T27182C,0.0227,0.0202,No
G27214T,0.9695,0.974,No
A28547C,0.0187,0.02,No
-29055A,0.0217,0.0361,No
G29759T,0.9953,0.9896,No
